anatomical_distance_mm,inactivation_deficit_similarity,inactivation_deficit_similarity_std
0.8657465495608525, 0.9278350515463919, 0.02
1.2797992471769142, 0.689003436426117, 0.2
2.333751568381431, 0.5945017182130585, 0.09
3.6386449184441663, 0.5017182130584193, 0.05
5.608531994981182, 0.3264604810996564, 0.05
7.51568381430364, 0.1924398625429553, 0.15
11.141781681304895, 0.15292096219931284, 0.01